<?xml version="1.0" encoding="UTF-8"?>

<!--Autogenerated by Cloudera Manager-->
<configuration>
  <property>
    <name>dfs.namenode.name.dir</name>
    <value>file:///var/lib/hadoop-hdfs/cache/hdfs/dfs/name</value>
  </property>
  <property>
    <name>dfs.namenode.servicerpc-address</name>
    <value>quickstart.cloudera:8022</value>
  </property>
  <property>
    <name>dfs.https.address</name>
    <value>quickstart.cloudera:50470</value>
  </property>
  <property>
    <name>dfs.https.port</name>
    <value>50470</value>
  </property>
  <property>
    <name>dfs.namenode.http-address</name>
    <value>quickstart.cloudera:50070</value>
  </property>
  <property>
    <name>dfs.replication</name>
    <value>1</value>
  </property>
  <property>
    <name>dfs.blocksize</name>
    <value>134217728</value>
  </property>
  <property>
    <name>dfs.client.use.datanode.hostname</name>
    <value>false</value>
  </property>
  <property>
    <name>fs.permissions.umask-mode</name>
    <value>022</value>
  </property>
  <property>
    <name>dfs.namenode.acls.enabled</name>
    <value>false</value>
  </property>
  <property>
    <name>dfs.client.use.legacy.blockreader</name>
    <value>false</value>
  </property>
  <property>
    <name>dfs.client.read.shortcircuit</name>
    <value>false</value>
  </property>
  <property>
    <name>dfs.domain.socket.path</name>
    <value>/var/run/hdfs-sockets/dn</value>
  </property>
  <property>
    <name>dfs.client.read.shortcircuit.skip.checksum</name>
    <value>false</value>
  </property>
  <property>
    <name>dfs.client.domain.socket.data.traffic</name>
    <value>false</value>
  </property>
  <property>
    <name>dfs.datanode.hdfs-blocks-metadata.enabled</name>
    <value>true</value>
  </property>
</configuration>
